"execution_queued","execution_running","execution_succeeded__execution_id","execution_succeeded__runtime_seconds","execution_succeeded__generated_at","execution_succeeded__columns","execution_succeeded__data__time","execution_succeeded__data__name","execution_succeeded__data__moving_ltv","execution_succeeded__data__moving_rate","execution_failed"
"null","null","01H0K0C7V23KWEN3Y3WVKYDMSK","21","2023-05-16T19:25:36.617041Z","time","2023-05-16 18:00:00.000 UTC","MutantApeYachtClub","0.862372190551125","0.6536405399975063","null"
"","","","","","name","2023-05-16 17:00:00.000 UTC","DeGods","0.7291461187748928","0.26757369614512466",""
"","","","","","moving_ltv","2023-05-16 17:00:00.000 UTC","MutantApeYachtClub","0.8615762740788498","0.656613505719318",""
"","","","","","moving_rate","2023-05-16 17:00:00.000 UTC","Azuki","0.7496687648210327","0.028653885796742988",""
"","","","","","","2023-05-16 17:00:00.000 UTC","Milady","0.6830146026038476","0.2906556252733928",""
"","","","","","","2023-05-16 16:00:00.000 UTC","Azuki","0.7492235636840731","0.028653885796742988",""
"","","","","","","2023-05-16 16:00:00.000 UTC","Milady","0.6850068516484712","0.2906556252733928",""
"","","","","","","2023-05-16 16:00:00.000 UTC","DeGods","0.7299772844178846","0.26757369614512466",""
"","","","","","","2023-05-16 16:00:00.000 UTC","Bored Ape Yacht Club","0.8715797129620442","0.1388888888888889",""
"","","","","","","2023-05-16 16:00:00.000 UTC","MutantApeYachtClub","0.8629865277643586","0.687880815515476",""
"","","","","","","2023-05-16 15:00:00.000 UTC","Azuki","0.7512002412939136","0.028653885796742988",""
"","","","","","","2023-05-16 15:00:00.000 UTC","MutantApeYachtClub","0.8597529801368285","0.5139415229579164",""
"","","","","","","2023-05-16 15:00:00.000 UTC","Milady","0.6889617141663065","0.2906556252733928",""
"","","","","","","2023-05-16 14:00:00.000 UTC","DeGods","0.7327603702909248","0.26757369614512466",""
"","","","","","","2023-05-16 14:00:00.000 UTC","Milady","0.6788520954914282","0.2906556252733928",""
"","","","","","","2023-05-16 14:00:00.000 UTC","Azuki","0.7589378899940863","0.028653885796742988",""
"","","","","","","2023-05-16 13:00:00.000 UTC","Milady","0.6805203844344386","0.2906556252733928",""
"","","","","","","2023-05-16 13:00:00.000 UTC","Azuki","0.7612374088414896","0.028086992372706704",""
"","","","","","","2023-05-16 13:00:00.000 UTC","MutantApeYachtClub","0.8565764402174039","0.5409910767978068",""
"","","","","","","2023-05-16 13:00:00.000 UTC","DeGods","0.7322000684006993","0.26757369614512466",""
"","","","","","","2023-05-16 13:00:00.000 UTC","Bored Ape Yacht Club","0.8662348308390722","0.15151515151515152",""
"","","","","","","2023-05-16 12:00:00.000 UTC","DeGods","0.7308260243077559","0.26757369614512466",""
"","","","","","","2023-05-16 12:00:00.000 UTC","MutantApeYachtClub","0.8543629724759038","0.4460461366199071",""
"","","","","","","2023-05-16 12:00:00.000 UTC","Milady","0.6790641528754242","0.28361832759570105",""
"","","","","","","2023-05-16 11:00:00.000 UTC","DeGods","0.730387402254838","0.26757369614512466",""
"","","","","","","2023-05-16 11:00:00.000 UTC","Milady","0.6835158592115861","0.28361832759570105",""
"","","","","","","2023-05-16 10:00:00.000 UTC","DeGods","0.725488388190875","0.26757369614512466",""
"","","","","","","2023-05-16 10:00:00.000 UTC","Milady","0.6866662222696049","0.3244346541263133",""
"","","","","","","2023-05-16 10:00:00.000 UTC","MutantApeYachtClub","0.8514715245074452","0.47228414465637225",""
"","","","","","","2023-05-16 10:00:00.000 UTC","Wrapped Cryptopunks","0.782973933408098","0.40816326530612257",""
"","","","","","","2023-05-16 10:00:00.000 UTC","Azuki","0.7609099786211834","0.025834143181082",""
"","","","","","","2023-05-16 09:00:00.000 UTC","Milady","0.6878403274304331","0.3357725226070389",""
"","","","","","","2023-05-16 09:00:00.000 UTC","Bored Ape Yacht Club","0.8614086707826145","0.16666666666666669",""
"","","","","","","2023-05-16 09:00:00.000 UTC","MutantApeYachtClub","0.8483410186865277","0.5018019036973955",""
"","","","","","","2023-05-16 08:00:00.000 UTC","Milady","0.685109738151751","0.3357725226070389",""
"","","","","","","2023-05-16 08:00:00.000 UTC","MutantApeYachtClub","0.8498214563468621","0.5352553639438885",""
"","","","","","","2023-05-16 08:00:00.000 UTC","Bored Ape Yacht Club","0.8561417927932133","0.1851851851851852",""
"","","","","","","2023-05-16 07:00:00.000 UTC","Azuki","0.7643592021648478","0.032636864269517375",""
"","","","","","","2023-05-16 07:00:00.000 UTC","Bored Ape Yacht Club","0.8958882750622996","0.20833333333333334",""
"","","","","","","2023-05-16 07:00:00.000 UTC","Milady","0.6847587641930473","0.3323711620628212",""
"","","","","","","2023-05-16 07:00:00.000 UTC","MutantApeYachtClub","0.844488218320177","0.5020593185113091",""
"","","","","","","2023-05-16 06:00:00.000 UTC","Milady","0.6842036024185214","0.3323711620628212",""
"","","","","","","2023-05-16 06:00:00.000 UTC","MutantApeYachtClub","0.8393748217777348","0.4829869583967945",""
"","","","","","","2023-05-16 06:00:00.000 UTC","Wrapped Cryptopunks","0.7904009598074031","0.40816326530612257",""
"","","","","","","2023-05-16 06:00:00.000 UTC","Bored Ape Yacht Club","0.9028782647991903","0.2380952380952381",""
"","","","","","","2023-05-16 05:00:00.000 UTC","DeGods","0.7281621087826772","0.26757369614512466",""
"","","","","","","2023-05-16 05:00:00.000 UTC","Bored Ape Yacht Club","0.901905693441379","0.2777777777777778",""
"","","","","","","2023-05-16 05:00:00.000 UTC","Milady","0.6849352228551845","0.3435346017976895",""
"","","","","","","2023-05-16 05:00:00.000 UTC","MutantApeYachtClub","0.8438729641146302","0.5232358715965274",""
"","","","","","","2023-05-16 04:00:00.000 UTC","Milady","0.6869630286627368","0.3435346017976895",""
"","","","","","","2023-05-16 04:00:00.000 UTC","MutantApeYachtClub","0.8482024676214001","0.5708027690143935",""
"","","","","","","2023-05-16 04:00:00.000 UTC","Azuki","0.7677699141880387","0.032636864269517375",""
"","","","","","","2023-05-16 03:00:00.000 UTC","MutantApeYachtClub","0.8487652342847205","0.6278830459158329",""
"","","","","","","2023-05-16 03:00:00.000 UTC","Azuki","0.765007881247253","0.032636864269517375",""
"","","","","","","2023-05-16 03:00:00.000 UTC","Milady","0.6862045391198384","0.3353713364915671",""
"","","","","","","2023-05-16 03:00:00.000 UTC","DeGods","0.7297779670981891","0.26757369614512466",""
"","","","","","","2023-05-16 02:00:00.000 UTC","Milady","0.6877951018340545","0.33809242492694125",""
"","","","","","","2023-05-16 02:00:00.000 UTC","DeGods","0.7291760862614509","0.26757369614512466",""
"","","","","","","2023-05-16 02:00:00.000 UTC","MutantApeYachtClub","0.8452091362868356","0.6976478287953698",""
"","","","","","","2023-05-16 02:00:00.000 UTC","Azuki","0.7658805688730235","0.032636864269517375",""
"","","","","","","2023-05-16 02:00:00.000 UTC","Bored Ape Yacht Club","0.9143910708839801","0.33333333333333337",""
"","","","","","","2023-05-16 01:00:00.000 UTC","Milady","0.6875118672275946","0.33809242492694125",""
"","","","","","","2023-05-16 01:00:00.000 UTC","MutantApeYachtClub","0.8401064426557365","0.784853807394791",""
"","","","","","","2023-05-16 01:00:00.000 UTC","DeGods","0.7311257837649678","0.26757369614512466",""
"","","","","","","2023-05-16 00:00:00.000 UTC","MutantApeYachtClub","0.846847957294934","0.8969757798797612",""
"","","","","","","2023-05-16 00:00:00.000 UTC","DeGods","0.7288129404519292","0.29308390022675734",""
"","","","","","","2023-05-16 00:00:00.000 UTC","Bored Ape Yacht Club","0.8292222712459623","0.4166666666666667",""
"","","","","","","2023-05-15 23:00:00.000 UTC","DeGods","0.7295257716587115","0.29308390022675734",""
"","","","","","","2023-05-15 23:00:00.000 UTC","MutantApeYachtClub","0.8422324155316661","0.7686939654152769",""
"","","","","","","2023-05-15 23:00:00.000 UTC","Milady","0.6881393181916237","0.33720511348062354",""
"","","","","","","2023-05-15 22:00:00.000 UTC","MutantApeYachtClub","0.8540764448063136","0.9224327584983323",""
"","","","","","","2023-05-15 22:00:00.000 UTC","Milady","0.6896901777718507","0.33720511348062354",""
"","","","","","","2023-05-15 22:00:00.000 UTC","DeGods","0.7306243811490963","0.29308390022675734",""
"","","","","","","2023-05-15 21:00:00.000 UTC","Milady","0.6972853279092129","0.3823946178538014",""
"","","","","","","2023-05-15 21:00:00.000 UTC","MutantApeYachtClub","0.8694921825585592","1.1530409481229154",""
"","","","","","","2023-05-15 20:00:00.000 UTC","Milady","0.6980154191099317","0.3823946178538014",""
"","","","","","","2023-05-15 20:00:00.000 UTC","MutantApeYachtClub","0.8684168851227199","1.5373879308305538",""
"","","","","","","2023-05-15 20:00:00.000 UTC","Bored Ape Yacht Club","0.878277670072498","0.5555555555555556",""
"","","","","","","2023-05-15 19:00:00.000 UTC","Milady","0.6928306096081822","0.3823946178538014",""
"","","","","","","2023-05-15 19:00:00.000 UTC","Bored Ape Yacht Club","0.8811582994194691","0.8333333333333334",""
"","","","","","","2023-05-15 19:00:00.000 UTC","Azuki","0.7708536698924372","0.032636864269517375",""
"","","","","","","2023-05-15 19:00:00.000 UTC","MutantApeYachtClub","0.8785994911958168","1.4879000780640126",""
"","","","","","","2023-05-15 18:00:00.000 UTC","Azuki","0.7707790067628599","0.032636864269517375",""
"","","","","","","2023-05-15 18:00:00.000 UTC","MutantApeYachtClub","0.8824708179133153","2.737704918032787",""
"","","","","","","2023-05-15 18:00:00.000 UTC","DeGods","0.7307792431215023","0.29308390022675734",""
"","","","","","","2023-05-15 18:00:00.000 UTC","Bored Ape Yacht Club","0.8561460293727116","1.6666666666666667",""
"","","","","","","2023-05-15 18:00:00.000 UTC","Wrapped Cryptopunks","0.7965646352598261","0.40816326530612257",""
"","","","","","","2023-05-15 18:00:00.000 UTC","Milady","0.6887853771308792","0.3823946178538014",""
"","","","","","","2023-05-15 17:00:00.000 UTC","DeGods","0.730352503859495","0.29308390022675734",""
"","","","","","","2023-05-15 17:00:00.000 UTC","Milady","0.6898627573185324","0.3823946178538014",""
"","","","","","","2023-05-15 16:00:00.000 UTC","DeGods","0.7334788079855716","0.29308390022675734",""
"","","","","","","2023-05-15 16:00:00.000 UTC","Milady","0.6917793260414139","0.3823946178538014",""
"","","","","","","2023-05-15 16:00:00.000 UTC","Azuki","0.7760754321360763","0.032636864269517375",""
"","","","","","","2023-05-15 15:00:00.000 UTC","Milady","0.6920260291087498","0.3823946178538014",""
"","","","","","","2023-05-15 15:00:00.000 UTC","Wrapped Cryptopunks","0.7971362977502561","0.40816326530612257",""
"","","","","","","2023-05-15 14:00:00.000 UTC","DeGods","0.7353743308960464","0.29308390022675734",""
"","","","","","","2023-05-15 13:00:00.000 UTC","Azuki","0.7802664682747206","0.05712666018788472",""
"","","","","","","2023-05-15 13:00:00.000 UTC","DeGods","0.7329046009449632","0.29308390022675734",""
"","","","","","","2023-05-15 13:00:00.000 UTC","Milady","0.6870120462906029","0.2871565226157062",""
"","","","","","","2023-05-15 12:00:00.000 UTC","Azuki","0.780009260065303","0.06004211208292845",""
"","","","","","","2023-05-15 12:00:00.000 UTC","Milady","0.6918286210352614","0.2871565226157062",""
"","","","","","","2023-05-15 11:00:00.000 UTC","Azuki","0.7799278191779873","0.06004211208292845",""
"","","","","","","2023-05-15 11:00:00.000 UTC","Milady","0.6906203843445651","0.2313393239413646",""
"","","","","","","2023-05-15 11:00:00.000 UTC","DeGods","0.7448352177698708","0.29308390022675734",""
"","","","","","","2023-05-15 10:00:00.000 UTC","Azuki","0.7821065768535399","0.06004211208292845",""
"","","","","","","2023-05-15 09:00:00.000 UTC","Milady","0.6863238658211862","0.19868626271687484",""
"","","","","","","2023-05-15 08:00:00.000 UTC","DeGods","0.7482095895516332","0.31859410430838997",""
"","","","","","","2023-05-15 08:00:00.000 UTC","Milady","0.6843047805640133","0.19868626271687484",""
"","","","","","","2023-05-15 07:00:00.000 UTC","Azuki","0.7856519273290424","0.06004211208292845",""
"","","","","","","2023-05-15 07:00:00.000 UTC","Milady","0.6832104815000211","0.19868626271687484",""
"","","","","","","2023-05-15 06:00:00.000 UTC","Azuki","0.7878530794550754","0.06004211208292845",""
"","","","","","","2023-05-15 05:00:00.000 UTC","Milady","0.6840807582964548","0.19868626271687484",""
"","","","","","","2023-05-15 05:00:00.000 UTC","Azuki","0.7872405019933743","0.06004211208292845",""
"","","","","","","2023-05-15 05:00:00.000 UTC","DeGods","0.7519163307376275","0.31859410430838997",""
"","","","","","","2023-05-15 05:00:00.000 UTC","Wrapped Cryptopunks","0.8026454950438318","0.40816326530612257",""
"","","","","","","2023-05-15 04:00:00.000 UTC","Azuki","0.7812293234983689","0.06004211208292845",""
"","","","","","","2023-05-15 03:00:00.000 UTC","DeGods","0.7511742719321728","0.31859410430838997",""
"","","","","","","2023-05-15 03:00:00.000 UTC","Azuki","0.779850333618582","0.06004211208292845",""
"","","","","","","2023-05-15 03:00:00.000 UTC","Milady","0.6887435578399992","0.20957061645837144",""
"","","","","","","2023-05-15 02:00:00.000 UTC","Wrapped Cryptopunks","0.8130913435404554","0.5000000000000001",""
"","","","","","","2023-05-15 02:00:00.000 UTC","Milady","0.6896939140102732","0.2066551645633277",""
"","","","","","","2023-05-15 01:00:00.000 UTC","DeGods","0.7491030646125423","0.31859410430838997",""
"","","","","","","2023-05-15 01:00:00.000 UTC","Milady","0.6877550247077303","0.23216536864496035",""
"","","","","","","2023-05-15 00:00:00.000 UTC","DeGods","0.7519544672320791","0.31859410430838997",""
"","","","","","","2023-05-15 00:00:00.000 UTC","Azuki","0.7834122604127833","0.06004211208292845",""
"","","","","","","2023-05-14 23:00:00.000 UTC","Milady","0.6875198442149251","0.22068577680822565",""
"","","","","","","2023-05-14 23:00:00.000 UTC","Azuki","0.7843015881552158","0.06004211208292845",""
"","","","","","","2023-05-14 22:00:00.000 UTC","Milady","0.6882273210353124","0.22068577680822565",""
"","","","","","","2023-05-14 21:00:00.000 UTC","DeGods","0.751582891558537","0.31859410430838997",""
"","","","","","","2023-05-14 21:00:00.000 UTC","Milady","0.688779413302015","0.22068577680822565",""
"","","","","","","2023-05-14 20:00:00.000 UTC","DeGods","0.7542262012029941","0.31859410430838997",""
"","","","","","","2023-05-14 20:00:00.000 UTC","Milady","0.6889453914701658","0.22068577680822565",""
"","","","","","","2023-05-14 20:00:00.000 UTC","Azuki","0.7836627984738651","0.06004211208292845",""
"","","","","","","2023-05-14 19:00:00.000 UTC","Milady","0.6865591478454169","0.22068577680822565",""
"","","","","","","2023-05-14 19:00:00.000 UTC","Azuki","0.7798354833578708","0.06004211208292845",""
"","","","","","","2023-05-14 19:00:00.000 UTC","DeGods","0.7539733696655556","0.31859410430838997",""
"","","","","","","2023-05-14 18:00:00.000 UTC","Azuki","0.7781283813769547","0.10596047942986722",""
"","","","","","","2023-05-14 18:00:00.000 UTC","Milady","0.6877346272177333","0.22833883803271546",""
"","","","","","","2023-05-14 17:00:00.000 UTC","DeGods","0.755446324661667","0.31859410430838997",""
"","","","","","","2023-05-14 17:00:00.000 UTC","Milady","0.6889689665193331","0.2449204706857767",""
"","","","","","","2023-05-14 16:00:00.000 UTC","DeGods","0.7549378582011314","0.32539682539682535",""
"","","","","","","2023-05-14 16:00:00.000 UTC","Milady","0.6891016556101497","0.2653286339510828",""
"","","","","","","2023-05-14 16:00:00.000 UTC","Azuki","0.7781432014750417","0.10596047942986722",""
"","","","","","","2023-05-14 15:00:00.000 UTC","Milady","0.6874923420845915","0.2653286339510828",""
"","","","","","","2023-05-14 15:00:00.000 UTC","DeGods","0.7624115093344935","0.32539682539682535",""
"","","","","","","2023-05-14 14:00:00.000 UTC","Milady","0.6910989849232573","0.2653286339510828",""
"","","","","","","2023-05-14 13:00:00.000 UTC","Milady","0.6900873025878088","0.2653286339510828",""
"","","","","","","2023-05-14 12:00:00.000 UTC","Milady","0.6906798985237586","0.2653286339510828",""
"","","","","","","2023-05-14 11:00:00.000 UTC","Milady","0.6908623832047356","0.23832234271278296",""
"","","","","","","2023-05-14 10:00:00.000 UTC","Milady","0.689393819529714","0.2216247545866234",""
"","","","","","","2023-05-14 09:00:00.000 UTC","Wrapped Cryptopunks","0.8234640825724053","0.6836734693877552",""
"","","","","","","2023-05-14 09:00:00.000 UTC","Milady","0.6874736347369713","0.2216247545866234",""
"","","","","","","2023-05-14 08:00:00.000 UTC","Azuki","0.7776889236928829","0.10596047942986722",""
"","","","","","","2023-05-14 07:00:00.000 UTC","Milady","0.6812324362335849","0.25223699948458256",""
"","","","","","","2023-05-14 06:00:00.000 UTC","Azuki","0.7779071072645095","0.10596047942986722",""
"","","","","","","2023-05-14 06:00:00.000 UTC","Milady","0.6778794428504674","0.25223699948458256",""
"","","","","","","2023-05-14 05:00:00.000 UTC","Milady","0.676375533865892","0.25223699948458256",""
"","","","","","","2023-05-14 04:00:00.000 UTC","Milady","0.6755885058760099","0.25223699948458256",""
"","","","","","","2023-05-14 03:00:00.000 UTC","Milady","0.6723439998038911","0.26754312193356217",""
"","","","","","","2023-05-14 02:00:00.000 UTC","Wrapped Cryptopunks","0.827005442446389","0.6836734693877552",""
"","","","","","","2023-05-14 02:00:00.000 UTC","Milady","0.6681907702870808","0.22672679540294993",""
"","","","","","","2023-05-14 01:00:00.000 UTC","Azuki","0.7791897357929479","0.151878846776806",""
"","","","","","","2023-05-14 01:00:00.000 UTC","Milady","0.6666391966992857","0.23023122747881056",""
"","","","","","","2023-05-13 23:00:00.000 UTC","Milady","0.667465939371379","0.23023122747881056",""
"","","","","","","2023-05-13 22:00:00.000 UTC","Azuki","0.7790684429274937","0.151878846776806",""
"","","","","","","2023-05-13 22:00:00.000 UTC","Milady","0.6706426277703167","0.24426183972370852",""
"","","","","","","2023-05-13 21:00:00.000 UTC","Azuki","0.7817598643127381","0.151878846776806",""
"","","","","","","2023-05-13 21:00:00.000 UTC","DeGods","0.7617864935830453","0.32539682539682535",""
"","","","","","","2023-05-13 20:00:00.000 UTC","Azuki","0.7820578618472623","0.151878846776806",""
"","","","","","","2023-05-13 20:00:00.000 UTC","Milady","0.6729763029326278","0.2658037898370872",""
"","","","","","","2023-05-13 19:00:00.000 UTC","DeGods","0.7631015203320626","0.32539682539682535",""
"","","","","","","2023-05-13 19:00:00.000 UTC","Milady","0.6724833459301771","0.2705133659752348",""
"","","","","","","2023-05-13 18:00:00.000 UTC","Azuki","0.7823422533035658","0.151878846776806",""
"","","","","","","2023-05-13 18:00:00.000 UTC","Milady","0.6744330518196772","0.2876562231180919",""
"","","","","","","2023-05-13 17:00:00.000 UTC","Azuki","0.7855018570315497","0.1682053773890509",""
"","","","","","","2023-05-13 16:00:00.000 UTC","Milady","0.675332522597499","0.29309839998884024",""
"","","","","","","2023-05-13 16:00:00.000 UTC","Azuki","0.7829722170244813","0.1682053773890509",""
"","","","","","","2023-05-13 16:00:00.000 UTC","DeGods","0.7614442712224142","0.32539682539682535",""
"","","","","","","2023-05-13 15:00:00.000 UTC","Azuki","0.7834224606116248","0.1682053773890509",""
"","","","","","","2023-05-13 15:00:00.000 UTC","DeGods","0.7601311822928118","0.32539682539682535",""
"","","","","","","2023-05-13 15:00:00.000 UTC","Milady","0.6738628080090416","0.2903773115534661",""
"","","","","","","2023-05-13 14:00:00.000 UTC","Azuki","0.7844309294275744","0.1682053773890509",""
"","","","","","","2023-05-13 14:00:00.000 UTC","Milady","0.6697460180266647","0.2903773115534661",""
"","","","","","","2023-05-13 13:00:00.000 UTC","DeGods","0.763191274273999","0.32539682539682535",""
"","","","","","","2023-05-13 13:00:00.000 UTC","Milady","0.6727399342336914","0.29718003264190146",""
"","","","","","","2023-05-13 12:00:00.000 UTC","DeGods","0.759611931294413","0.32539682539682535",""
"","","","","","","2023-05-13 12:00:00.000 UTC","Azuki","0.7839284108159954","0.19995140913508264",""
"","","","","","","2023-05-13 11:00:00.000 UTC","DeGods","0.7582846625365401","0.32539682539682535",""
"","","","","","","2023-05-13 11:00:00.000 UTC","Azuki","0.7839043444871711","0.19995140913508264",""
"","","","","","","2023-05-13 11:00:00.000 UTC","Milady","0.6709326015131533","0.29718003264190146",""
"","","","","","","2023-05-13 10:00:00.000 UTC","DeGods","0.7587326511920826","0.38662131519274373",""
"","","","","","","2023-05-13 10:00:00.000 UTC","Milady","0.6663635804023323","0.25199052826872365",""
"","","","","","","2023-05-13 09:00:00.000 UTC","Milady","0.6640577593209174","0.30301093643198895",""
"","","","","","","2023-05-13 08:00:00.000 UTC","Azuki","0.785885263159451","0.19995140913508264",""
"","","","","","","2023-05-13 08:00:00.000 UTC","Milady","0.6689388874704227","0.30301093643198895",""
"","","","","","","2023-05-13 07:00:00.000 UTC","Milady","0.6734947195311812","0.31175729211712017",""
"","","","","","","2023-05-13 06:00:00.000 UTC","DeGods","0.7562001142129817","0.38662131519274373",""
"","","","","","","2023-05-13 06:00:00.000 UTC","Milady","0.6696112019544945","0.33216545538242626",""
"","","","","","","2023-05-13 06:00:00.000 UTC","Azuki","0.7866706816101029","0.19995140913508264",""
"","","","","","","2023-05-13 05:00:00.000 UTC","Milady","0.6687737894482477","0.33865896187593275",""
"","","","","","","2023-05-13 05:00:00.000 UTC","Azuki","0.7879278275206126","0.19995140913508264",""
"","","","","","","2023-05-13 05:00:00.000 UTC","DeGods","0.7554697115649956","0.43424036281179135",""
"","","","","","","2023-05-13 04:00:00.000 UTC","Milady","0.6687665818967503","0.34092653557207786",""
"","","","","","","2023-05-13 04:00:00.000 UTC","DeGods","0.7628939967479752","0.43424036281179135",""
"","","","","","","2023-05-13 03:00:00.000 UTC","Milady","0.6704873623002201","0.39194694373534317",""
"","","","","","","2023-05-13 02:00:00.000 UTC","Azuki","0.7890454500980497","0.22035957240038875",""
"","","","","","","2023-05-13 02:00:00.000 UTC","Milady","0.6697478009053487","0.42378367842922066",""
"","","","","","","2023-05-13 02:00:00.000 UTC","Wrapped Cryptopunks","0.8312518294103138","0.6836734693877552",""
"","","","","","","2023-05-13 01:00:00.000 UTC","Milady","0.6660486893062605","0.40110794146776946",""
"","","","","","","2023-05-13 01:00:00.000 UTC","DeGods","0.7638939794106803","0.43424036281179135",""
"","","","","","","2023-05-13 01:00:00.000 UTC","Azuki","0.7938835372718231","0.22035957240038875",""
"","","","","","","2023-05-13 00:00:00.000 UTC","Milady","0.6689363640084154","0.40110794146776946",""
"","","","","","","2023-05-12 23:00:00.000 UTC","Azuki","0.7960210939704633","0.23202137998056369",""
"","","","","","","2023-05-12 23:00:00.000 UTC","Milady","0.6685173368896017","0.40927120677389184",""
"","","","","","","2023-05-12 23:00:00.000 UTC","DeGods","0.7606648187615509","0.43424036281179135",""
"","","","","","","2023-05-12 22:00:00.000 UTC","Azuki","0.7980642122278673","0.23202137998056369",""
"","","","","","","2023-05-12 22:00:00.000 UTC","DeGods","0.7615818461535502","0.6179138321995464",""
"","","","","","","2023-05-12 21:00:00.000 UTC","Azuki","0.8021849131076153","0.23202137998056369",""
"","","","","","","2023-05-12 21:00:00.000 UTC","DeGods","0.7603300322766694","0.6972789115646258",""
"","","","","","","2023-05-12 21:00:00.000 UTC","Milady","0.6655293465062763","0.43842572572432914",""
"","","","","","","2023-05-12 20:00:00.000 UTC","DeGods","0.7595069140556971","0.738095238095238",""
"","","","","","","2023-05-12 20:00:00.000 UTC","Milady","0.6625826491835758","0.45475225633657407",""
"","","","","","","2023-05-12 20:00:00.000 UTC","Azuki","0.8012392840043214","0.24076773566569487",""
"","","","","","","2023-05-12 19:00:00.000 UTC","Milady","0.6586012000607727","0.47516041960188016",""
"","","","","","","2023-05-12 19:00:00.000 UTC","Azuki","0.8032201437777463","0.24076773566569487",""
"","","","","","","2023-05-12 19:00:00.000 UTC","DeGods","0.7579787372717731","0.7534722222222222",""
"","","","","","","2023-05-12 18:00:00.000 UTC","Azuki","0.8058598253891376","0.24076773566569487",""
"","","","","","","2023-05-12 18:00:00.000 UTC","DeGods","0.7576263626236555","0.7695035460992907",""
"","","","","","","2023-05-12 18:00:00.000 UTC","Milady","0.6588867431043455","0.47516041960188016",""
"","","","","","","2023-05-12 17:00:00.000 UTC","DeGods","0.7567051965937349","0.5688405797101449",""
"","","","","","","2023-05-12 17:00:00.000 UTC","Milady","0.6573095491226221","0.47550055565630195",""
"","","","","","","2023-05-12 17:00:00.000 UTC","Azuki","0.8066366674899991","0.24076773566569487",""
"","","","","","","2023-05-12 16:00:00.000 UTC","Milady","0.6542999282654415","0.5260107597379347",""
"","","","","","","2023-05-12 16:00:00.000 UTC","Azuki","0.8081431794960413","0.23906705539358603",""
"","","","","","","2023-05-12 16:00:00.000 UTC","DeGods","0.7648070265799809","0.5814814814814814",""
"","","","","","","2023-05-12 15:00:00.000 UTC","Azuki","0.809904456108616","0.23760932944606417",""
"","","","","","","2023-05-12 15:00:00.000 UTC","DeGods","0.7636172002495516","0.5946969696969696",""
"","","","","","","2023-05-12 15:00:00.000 UTC","Milady","0.651950326700145","0.5895028232299981",""
"","","","","","","2023-05-12 14:00:00.000 UTC","DeGods","0.7622351772355248","0.6085271317829457",""
"","","","","","","2023-05-12 14:00:00.000 UTC","Milady","0.6490101035131373","0.5895028232299981",""
"","","","","","","2023-05-12 14:00:00.000 UTC","Azuki","0.8118916777387032","0.23080660835762878",""
"","","","","","","2023-05-12 13:00:00.000 UTC","Milady","0.6476422883119873","0.5895028232299981",""
"","","","","","","2023-05-12 13:00:00.000 UTC","Wrapped Cryptopunks","0.83422266044609","0.6836734693877552",""
"","","","","","","2023-05-12 12:00:00.000 UTC","Milady","0.6490361342407381","0.5895028232299981",""
"","","","","","","2023-05-12 12:00:00.000 UTC","DeGods","0.7625812255167209","0.6230158730158729",""
"","","","","","","2023-05-12 11:00:00.000 UTC","Milady","0.6466050275222729","0.5818497620055083",""
"","","","","","","2023-05-12 11:00:00.000 UTC","Azuki","0.8134197976913026","0.25121477162293493",""
"","","","","","","2023-05-12 10:00:00.000 UTC","Milady","0.6456003577713288","0.5652681293524471",""
"","","","","","","2023-05-12 10:00:00.000 UTC","Azuki","0.8168684069809834","0.25121477162293493",""
"","","","","","","2023-05-12 09:00:00.000 UTC","Milady","0.6451747749159339","0.5448599660871409",""
"","","","","","","2023-05-12 08:00:00.000 UTC","Azuki","0.8183199473209921","0.25121477162293493",""
"","","","","","","2023-05-12 08:00:00.000 UTC","Milady","0.6454836858673094","0.5907783334340797",""
"","","","","","","2023-05-12 07:00:00.000 UTC","DeGods","0.7614317231960978","0.6382113821138211",""
"","","","","","","2023-05-12 07:00:00.000 UTC","Milady","0.6381609921966978","0.5907783334340797",""
"","","","","","","2023-05-12 06:00:00.000 UTC","Azuki","0.8179036613129821","0.25121477162293493",""
"","","","","","","2023-05-12 06:00:00.000 UTC","Milady","0.6383565314623012","0.5907783334340797",""
"","","","","","","2023-05-12 06:00:00.000 UTC","Wrapped Cryptopunks","0.8354948824378833","0.7612244897959185",""
"","","","","","","2023-05-12 05:00:00.000 UTC","Milady","0.6322009726837278","0.5907783334340797",""
"","","","","","","2023-05-12 05:00:00.000 UTC","Wrapped Cryptopunks","0.8396486609827192","0.7612244897959185",""
"","","","","","","2023-05-12 05:00:00.000 UTC","DeGods","0.7630490620625415","0.6541666666666666",""
"","","","","","","2023-05-12 04:00:00.000 UTC","Milady","0.6299487340288463","0.5886301057219423",""
"","","","","","","2023-05-12 04:00:00.000 UTC","DeGods","0.7624592269467362","0.6709401709401709",""
"","","","","","","2023-05-12 04:00:00.000 UTC","Azuki","0.8201455696500459","0.25121477162293493",""
"","","","","","","2023-05-12 03:00:00.000 UTC","Milady","0.6280800382374518","0.5886301057219423",""
"","","","","","","2023-05-12 03:00:00.000 UTC","Azuki","0.8201020544596868","0.25121477162293493",""
"","","","","","","2023-05-12 02:00:00.000 UTC","Milady","0.6269793161513961","0.5886301057219423",""
"","","","","","","2023-05-12 02:00:00.000 UTC","Azuki","0.8191512545745299","0.22672497570456757",""
"","","","","","","2023-05-12 01:00:00.000 UTC","Milady","0.6308050361579218","0.6192423506199014",""
"","","","","","","2023-05-12 01:00:00.000 UTC","DeGods","0.7612437680733687","0.6885964912280701",""
"","","","","","","2023-05-12 00:00:00.000 UTC","Milady","0.6343166490028529","0.6192423506199014",""
"","","","","","","2023-05-12 00:00:00.000 UTC","DeGods","0.7600687409991551","0.7072072072072071",""
"","","","","","","2023-05-12 00:00:00.000 UTC","Azuki","0.8209024856482627","0.22380952380952385",""
"","","","","","","2023-05-11 23:00:00.000 UTC","Milady","0.6319411919847235","0.6192423506199014",""
"","","","","","","2023-05-11 22:00:00.000 UTC","Azuki","0.8211404712036833","0.22380952380952385",""
"","","","","","","2023-05-11 22:00:00.000 UTC","Milady","0.6355149476088394","0.6192423506199014",""
"","","","","","","2023-05-11 21:00:00.000 UTC","Azuki","0.8222428979301928","0.22380952380952385",""
"","","","","","","2023-05-11 21:00:00.000 UTC","Milady","0.6395887417772818","0.6406709220484729",""
"","","","","","","2023-05-11 21:00:00.000 UTC","DeGods","0.7588784801698648","0.7268518518518517",""
"","","","","","","2023-05-11 20:00:00.000 UTC","Milady","0.6449188190636588","0.6435863739435166",""
"","","","","","","2023-05-11 20:00:00.000 UTC","DeGods","0.7588874084647833","0.7119047619047618",""
"","","","","","","2023-05-11 20:00:00.000 UTC","Wrapped Cryptopunks","0.8429801382884865","0.8292517006802722",""
"","","","","","","2023-05-11 19:00:00.000 UTC","DeGods","0.7566107317654048","0.7328431372549019",""
"","","","","","","2023-05-11 19:00:00.000 UTC","Azuki","0.8214696583948152","0.22380952380952385",""
"","","","","","","2023-05-11 19:00:00.000 UTC","Milady","0.6459875119020068","0.6287440733869304",""
"","","","","","","2023-05-11 18:00:00.000 UTC","Azuki","0.8216226386815918","0.22380952380952385",""
"","","","","","","2023-05-11 18:00:00.000 UTC","Milady","0.6456396616664538","0.6287440733869304",""
"","","","","","","2023-05-11 17:00:00.000 UTC","Azuki","0.8244483171076419","0.22380952380952385",""
"","","","","","","2023-05-11 17:00:00.000 UTC","Milady","0.6477070784220624","0.6165687487116056",""
"","","","","","","2023-05-11 17:00:00.000 UTC","Wrapped Cryptopunks","0.8434881774716958","0.8292517006802722",""
"","","","","","","2023-05-11 17:00:00.000 UTC","DeGods","0.7545362504501103","0.755050505050505",""
"","","","","","","2023-05-11 16:00:00.000 UTC","Azuki","0.8305675571605816","0.22380952380952385",""
"","","","","","","2023-05-11 16:00:00.000 UTC","Milady","0.645009568361037","0.5950267985982269",""
"","","","","","","2023-05-11 15:00:00.000 UTC","Azuki","0.8320536554197977","0.22380952380952385",""
"","","","","","","2023-05-11 15:00:00.000 UTC","Milady","0.6474833483391069","0.6205370026798596",""
"","","","","","","2023-05-11 15:00:00.000 UTC","Wrapped Cryptopunks","0.8429807056485232","0.625170068027211",""
"","","","","","","2023-05-11 15:00:00.000 UTC","DeGods","0.7528227802569556","0.7786458333333333",""
"","","","","","","2023-05-11 14:00:00.000 UTC","Milady","0.6486050571190025","0.6033941455370024",""
"","","","","","","2023-05-11 14:00:00.000 UTC","DeGods","0.7513167085734707","0.803763440860215",""
"","","","","","","2023-05-11 13:00:00.000 UTC","Milady","0.647530199250153","0.5979519686662541",""
"","","","","","","2023-05-11 13:00:00.000 UTC","DeGods","0.7506010255933158","0.8305555555555555",""
"","","","","","","2023-05-11 12:00:00.000 UTC","Milady","0.649065653617251","0.5979519686662541",""
"","","","","","","2023-05-11 12:00:00.000 UTC","Azuki","0.8357857477109548","0.2609152752009895",""
"","","","","","","2023-05-11 11:00:00.000 UTC","Milady","0.6511666262750154","0.5979519686662541",""
"","","","","","","2023-05-11 10:00:00.000 UTC","Azuki","0.8372099823999525","0.2609152752009895",""
"","","","","","","2023-05-11 10:00:00.000 UTC","Milady","0.6480070784080642","0.5911492475778188",""
"","","","","","","2023-05-11 09:00:00.000 UTC","Azuki","0.8412442675798004","0.2609152752009895",""
"","","","","","","2023-05-11 09:00:00.000 UTC","Milady","0.649811748461654","0.5911492475778188",""
"","","","","","","2023-05-11 08:00:00.000 UTC","Milady","0.6516400856224871","0.5911492475778188",""
"","","","","","","2023-05-11 07:00:00.000 UTC","Azuki","0.8464560916368179","0.2609152752009895",""
"","","","","","","2023-05-11 07:00:00.000 UTC","Milady","0.6552580469186063","0.5401288394145535",""
"","","","","","","2023-05-11 06:00:00.000 UTC","Azuki","0.8513342614834577","0.21499690785405076",""
"","","","","","","2023-05-11 06:00:00.000 UTC","Milady","0.6571763328809987","0.5860472067614922",""
"","","","","","","2023-05-11 05:00:00.000 UTC","Azuki","0.8493825856641536","0.21499690785405076",""
"","","","","","","2023-05-11 05:00:00.000 UTC","Milady","0.656763701373689","0.5773008510763611",""
"","","","","","","2023-05-11 04:00:00.000 UTC","Azuki","0.8506785661315509","0.21499690785405076",""
"","","","","","","2023-05-11 04:00:00.000 UTC","Milady","0.6588448710569654","0.5568926878110549",""
"","","","","","","2023-05-11 04:00:00.000 UTC","Wrapped Cryptopunks","0.8431809561458341","0.625170068027211",""
"","","","","","","2023-05-11 03:00:00.000 UTC","Milady","0.6581165867634389","0.5503991813175485",""
"","","","","","","2023-05-11 03:00:00.000 UTC","Azuki","0.8506792775850074","0.22082781164413823",""
"","","","","","","2023-05-11 02:00:00.000 UTC","Milady","0.6596974364651665","0.5481316076214034",""
"","","","","","","2023-05-11 02:00:00.000 UTC","Azuki","0.8504295404223603","0.2395352946373355",""
"","","","","","","2023-05-11 02:00:00.000 UTC","DeGods","0.7508655135837906","0.8591954022988505",""
"","","","","","","2023-05-11 01:00:00.000 UTC","Milady","0.6625519412181894","0.4971111994581381",""
"","","","","","","2023-05-11 00:00:00.000 UTC","Milady","0.6644989002735358","0.4652744647642606",""
"","","","","","","2023-05-10 23:00:00.000 UTC","Milady","0.6706177722114897","0.4652744647642606",""
"","","","","","","2023-05-10 22:00:00.000 UTC","Azuki","0.8508686225832709","0.30075978443325385",""
"","","","","","","2023-05-10 22:00:00.000 UTC","Milady","0.6729909363931966","0.4652744647642606",""
"","","","","","","2023-05-10 21:00:00.000 UTC","Milady","0.674354431583696","0.45711119945813816",""
"","","","","","","2023-05-10 20:00:00.000 UTC","DeGods","0.7540944856401114","0.8898809523809523",""
"","","","","","","2023-05-10 20:00:00.000 UTC","Milady","0.6815908228097488","0.42795668050770086",""
"","","","","","","2023-05-10 20:00:00.000 UTC","Azuki","0.8515228977929317","0.30075978443325385",""
"","","","","","","2023-05-10 19:00:00.000 UTC","Milady","0.6851275382012976","0.411630149895456",""
"","","","","","","2023-05-10 19:00:00.000 UTC","Azuki","0.8511683681165753","0.30075978443325385",""
"","","","","","","2023-05-10 18:00:00.000 UTC","Milady","0.6888983933339726","0.3944663613030959",""
"","","","","","","2023-05-10 18:00:00.000 UTC","Azuki","0.8492034935993237","0.30075978443325385",""
"","","","","","","2023-05-10 17:00:00.000 UTC","Milady","0.6897870120596891","0.3944663613030959",""
"","","","","","","2023-05-10 17:00:00.000 UTC","Wrapped Cryptopunks","0.8465741738440694","0.625170068027211",""
"","","","","","","2023-05-10 16:00:00.000 UTC","Milady","0.6938701452994795","0.3686160211670415",""
"","","","","","","2023-05-10 16:00:00.000 UTC","Azuki","0.8478500583487657","0.284433253821009",""
"","","","","","","2023-05-10 15:00:00.000 UTC","Milady","0.6960512310749996","0.31810581708540886",""
"","","","","","","2023-05-10 15:00:00.000 UTC","Azuki","0.8516794102039404","0.284433253821009",""
"","","","","","","2023-05-10 15:00:00.000 UTC","DeGods","0.7577507401679506","0.9228395061728394",""
"","","","","","","2023-05-10 14:00:00.000 UTC","Wrapped Cryptopunks","0.846363774987454","0.625170068027211",""
"","","","","","","2023-05-10 14:00:00.000 UTC","DeGods","0.7544948211376996","0.9102564102564101",""
"","","","","","","2023-05-10 14:00:00.000 UTC","Milady","0.6990538113845786","0.25461375359334537",""
"","","","","","","2023-05-10 13:00:00.000 UTC","Azuki","0.8534728030137473","0.284433253821009",""
"","","","","","","2023-05-10 13:00:00.000 UTC","Milady","0.7024931532189952","0.25461375359334537",""
"","","","","","","2023-05-10 12:00:00.000 UTC","DeGods","0.7543758442116787","0.9466666666666665",""
"","","","","","","2023-05-10 11:00:00.000 UTC","Milady","0.702945957801817","0.25461375359334537",""
"","","","","","","2023-05-10 11:00:00.000 UTC","DeGods","0.7576665043871653","0.986111111111111",""
"","","","","","","2023-05-10 11:00:00.000 UTC","Azuki","0.8505322615052621","0.284433253821009",""
"","","","","","","2023-05-10 10:00:00.000 UTC","Milady","0.7029013177832809","0.2899879032532093",""
"","","","","","","2023-05-10 10:00:00.000 UTC","Azuki","0.8442621480163428","0.25041964837883207",""
"","","","","","","2023-05-10 09:00:00.000 UTC","Milady","0.7047015314217124","0.2899879032532093",""
"","","","","","","2023-05-10 09:00:00.000 UTC","Azuki","0.8435793157128286","0.25041964837883207",""
"","","","","","","2023-05-10 08:00:00.000 UTC","Azuki","0.8450783980884368","0.25041964837883207",""
"","","","","","","2023-05-10 07:00:00.000 UTC","Milady","0.700738729996319","0.2899879032532093",""
"","","","","","","2023-05-10 07:00:00.000 UTC","Azuki","0.8462861513334915","0.25041964837883207",""
"","","","","","","2023-05-10 06:00:00.000 UTC","Milady","0.6997106995798451","0.2899879032532093",""
"","","","","","","2023-05-10 06:00:00.000 UTC","Azuki","0.846762073854432","0.25041964837883207",""
"","","","","","","2023-05-10 06:00:00.000 UTC","DeGods","0.7556738070877355","1.0289855072463767",""
"","","","","","","2023-05-10 05:00:00.000 UTC","Azuki","0.8473358814695711","0.2310855989695947",""
"","","","","","","2023-05-10 05:00:00.000 UTC","DeGods","0.754797729727499","1.0757575757575757",""
"","","","","","","2023-05-10 05:00:00.000 UTC","Milady","0.7011855356237036","0.2440695359062705",""
"","","","","","","2023-05-10 05:00:00.000 UTC","Wrapped Cryptopunks","0.8425219851915295","0.625170068027211",""
"","","","","","","2023-05-10 04:00:00.000 UTC","Milady","0.7040192215524228","0.2440695359062705",""
"","","","","","","2023-05-10 04:00:00.000 UTC","Azuki","0.8410526381578686","0.2310855989695947",""
"","","","","","","2023-05-10 03:00:00.000 UTC","Milady","0.7011220513859815","0.2440695359062705",""
"","","","","","","2023-05-10 03:00:00.000 UTC","DeGods","0.753688261935791","1.126984126984127",""
"","","","","","","2023-05-10 02:00:00.000 UTC","Milady","0.7020465597456248","0.2440695359062705",""
"","","","","","","2023-05-10 02:00:00.000 UTC","Azuki","0.8446482200302721","0.4030972607771749",""
"","","","","","","2023-05-10 01:00:00.000 UTC","Milady","0.7039650294291543","0.2440695359062705",""
"","","","","","","2023-05-10 01:00:00.000 UTC","Azuki","0.8455857486808276","0.4030972607771749",""
"","","","","","","2023-05-10 01:00:00.000 UTC","Wrapped Cryptopunks","0.8438344824009901","0.6931972789115647",""
"","","","","","","2023-05-10 00:00:00.000 UTC","Azuki","0.8394282767975797","0.4030972607771749",""
"","","","","","","2023-05-10 00:00:00.000 UTC","DeGods","0.7753849323020072","1.1833333333333331",""
"","","","","","","2023-05-10 00:00:00.000 UTC","Milady","0.7029309612187011","0.2440695359062705",""
"","","","","","","2023-05-09 23:00:00.000 UTC","Wrapped Cryptopunks","0.8426740718401564","0.6931972789115647",""
"","","","","","","2023-05-09 23:00:00.000 UTC","Milady","0.7031420062557988","0.2440695359062705",""
"","","","","","","2023-05-09 23:00:00.000 UTC","Azuki","0.8396029899511817","0.39435090509204374",""
"","","","","","","2023-05-09 22:00:00.000 UTC","Milady","0.7014500196283068","0.18284504611035216",""
"","","","","","","2023-05-09 22:00:00.000 UTC","Azuki","0.8398085900618825","0.4249631499900029",""
"","","","","","","2023-05-09 21:00:00.000 UTC","Milady","0.6978215151940678","0.18284504611035216",""
"","","","","","","2023-05-09 21:00:00.000 UTC","Azuki","0.8376915087999847","0.4249631499900029",""
"","","","","","","2023-05-09 21:00:00.000 UTC","DeGods","0.7745789985063969","1.2456140350877192",""
"","","","","","","2023-05-09 21:00:00.000 UTC","Wrapped Cryptopunks","0.8396024289928155","0.6931972789115647",""
"","","","","","","2023-05-09 20:00:00.000 UTC","Milady","0.7040549441146002","0.2508722569947059",""
"","","","","","","2023-05-09 20:00:00.000 UTC","Azuki","0.837915696970425","0.4249631499900029",""
"","","","","","","2023-05-09 19:00:00.000 UTC","Milady","0.7015062293131407","0.2508722569947059",""
"","","","","","","2023-05-09 19:00:00.000 UTC","Azuki","0.8343000018499007","0.4249631499900029",""
"","","","","","","2023-05-09 19:00:00.000 UTC","DeGods","0.7738064908506287","1.3148148148148147",""
"","","","","","","2023-05-09 19:00:00.000 UTC","Wrapped Cryptopunks","0.8383173408276291","0.7076388888888889",""
"","","","","","","2023-05-09 18:00:00.000 UTC","DeGods","0.7715284195415754","1.3725490196078431",""
"","","","","","","2023-05-09 18:00:00.000 UTC","Milady","0.6997096292928123","0.21413756311715487",""
"","","","","","","2023-05-09 18:00:00.000 UTC","Azuki","0.8336932555193952","0.4249631499900029",""
"","","","","","","2023-05-09 17:00:00.000 UTC","Azuki","0.8305771503686022","0.4249631499900029",""
"","","","","","","2023-05-09 16:00:00.000 UTC","Wrapped Cryptopunks","0.8377908360992155","0.7226950354609929",""
"","","","","","","2023-05-09 16:00:00.000 UTC","Milady","0.6955634283524967","0.21122211122211115",""
"","","","","","","2023-05-09 15:00:00.000 UTC","Wrapped Cryptopunks","0.8360106828490225","0.7384057971014493",""
"","","","","","","2023-05-09 15:00:00.000 UTC","Milady","0.6957284057730975","0.21122211122211115",""
"","","","","","","2023-05-09 15:00:00.000 UTC","DeGods","0.7734526494666275","1.4583333333333333",""
"","","","","","","2023-05-09 14:00:00.000 UTC","Milady","0.6990176781901203","0.21122211122211115",""
"","","","","","","2023-05-09 14:00:00.000 UTC","DeGods","0.7721496519095657","1.5555555555555556",""
"","","","","","","2023-05-09 14:00:00.000 UTC","Azuki","0.82965195618166","0.4045549867246968",""
"","","","","","","2023-05-09 13:00:00.000 UTC","DeGods","0.7703794649805348","1.6666666666666665",""
"","","","","","","2023-05-09 13:00:00.000 UTC","Azuki","0.8292677753030863","0.4045549867246968",""
"","","","","","","2023-05-09 13:00:00.000 UTC","Milady","0.6921174372572896","0.20936682365253784",""
"","","","","","","2023-05-09 12:00:00.000 UTC","Milady","0.6938470641508432","0.20936682365253784",""
"","","","","","","2023-05-09 11:00:00.000 UTC","Milady","0.6913983627098538","0.16344845630559907",""
"","","","","","","2023-05-09 10:00:00.000 UTC","Azuki","0.830087345307796","0.4045549867246968",""
"","","","","","","2023-05-09 10:00:00.000 UTC","Milady","0.6850064022134225","0.16344845630559907",""
"","","","","","","2023-05-09 09:00:00.000 UTC","Azuki","0.831564978007612","0.4045549867246968",""
"","","","","","","2023-05-09 09:00:00.000 UTC","Milady","0.683271966729452","0.16344845630559907",""
"","","","","","","2023-05-09 09:00:00.000 UTC","DeGods","0.7709609660667348","1.7948717948717947",""
"","","","","","","2023-05-09 08:00:00.000 UTC","Milady","0.6795774872352355","0.16344845630559907",""
"","","","","","","2023-05-09 08:00:00.000 UTC","DeGods","0.7727914773592001","1.9444444444444444",""
"","","","","","","2023-05-09 08:00:00.000 UTC","Azuki","0.830976996223543","0.4045549867246968",""
"","","","","","","2023-05-09 07:00:00.000 UTC","Milady","0.6785634959289508","0.16344845630559907",""
"","","","","","","2023-05-09 06:00:00.000 UTC","Azuki","0.8325205667977285","0.4045549867246968",""
"","","","","","","2023-05-09 06:00:00.000 UTC","Milady","0.6780455754554268","0.16344845630559907",""
"","","","","","","2023-05-09 06:00:00.000 UTC","DeGods","0.773348853668828","2.121212121212121",""
"","","","","","","2023-05-09 05:00:00.000 UTC","Milady","0.6750220601272703","0.16344845630559907",""
"","","","","","","2023-05-09 05:00:00.000 UTC","DeGods","0.7797512358518986","2.333333333333333",""
"","","","","","","2023-05-09 04:00:00.000 UTC","Milady","0.6753966834671934","0.16344845630559907",""
"","","","","","","2023-05-09 04:00:00.000 UTC","DeGods","0.7803727094827355","2.5925925925925926",""
"","","","","","","2023-05-09 04:00:00.000 UTC","Azuki","0.8343729158360568","0.4045549867246968",""
"","","","","","","2023-05-09 04:00:00.000 UTC","Wrapped Cryptopunks","0.8352833220799563","0.7548148148148148",""
"","","","","","","2023-05-09 03:00:00.000 UTC","Milady","0.6705046877657803","0.19406070120355826",""
"","","","","","","2023-05-09 02:00:00.000 UTC","Azuki","0.8356406917833685","0.4045549867246968",""
"","","","","","","2023-05-09 02:00:00.000 UTC","Milady","0.6704416604803384","0.17365253793825214",""
"","","","","","","2023-05-09 02:00:00.000 UTC","DeGods","0.7729539316458712","2.5416666666666665",""
"","","","","","","2023-05-09 01:00:00.000 UTC","Milady","0.6690696227698212","0.17365253793825214",""
"","","","","","","2023-05-09 01:00:00.000 UTC","DeGods","0.7833429863435508","2.9047619047619047",""
"","","","","","","2023-05-09 01:00:00.000 UTC","Azuki","0.8341618619251874","0.43006519080632943",""
"","","","","","","2023-05-09 00:00:00.000 UTC","DeGods","0.7835719258875589","3",""
"","","","","","","2023-05-09 00:00:00.000 UTC","Azuki","0.8315653300009771","0.43006519080632943",""
"","","","","","","2023-05-09 00:00:00.000 UTC","Milady","0.668084428921214","0.17365253793825214",""
"","","","","","","2023-05-08 22:00:00.000 UTC","Azuki","0.8325194548468418","0.43006519080632943",""
"","","","","","","2023-05-08 22:00:00.000 UTC","Milady","0.6706960851315958","0.17365253793825214",""
"","","","","","","2023-05-08 22:00:00.000 UTC","DeGods","0.7867787767798401","3.6",""
"","","","","","","2023-05-08 21:00:00.000 UTC","Milady","0.6692025841067945","0.17365253793825214",""
"","","","","","","2023-05-08 21:00:00.000 UTC","DeGods","0.7737350988817768","4.5",""
"","","","","","","2023-05-08 21:00:00.000 UTC","Azuki","0.8333630012328157","0.43006519080632943",""
"","","","","","","2023-05-08 20:00:00.000 UTC","DeGods","0.814911326930757","6",""
"","","","","","","2023-05-08 20:00:00.000 UTC","Azuki","0.8345851812974401","0.43006519080632943",""
"","","","","","","2023-05-08 20:00:00.000 UTC","Milady","0.6679094365050623","0.17365253793825214",""
"","","","","","","2023-05-08 19:00:00.000 UTC","Azuki","0.8350108613284698","0.43006519080632943",""
"","","","","","","2023-05-08 19:00:00.000 UTC","Milady","0.6658216363026563","0.17365253793825214",""
"","","","","","","2023-05-08 19:00:00.000 UTC","DeGods","0.7788905844636561","4.5",""
"","","","","","","2023-05-08 18:00:00.000 UTC","Milady","0.6641369422490178","0.17365253793825214",""
"","","","","","","2023-05-08 18:00:00.000 UTC","DeGods","0.8282156699464177","5.111111111111111",""
"","","","","","","2023-05-08 18:00:00.000 UTC","Azuki","0.8372128502047668","0.43006519080632943",""
"","","","","","","2023-05-08 17:00:00.000 UTC","Milady","0.6646214619208158","0.17365253793825214",""
"","","","","","","2023-05-08 17:00:00.000 UTC","Azuki","0.8379006703576829","0.3929594394148638",""
"","","","","","","2023-05-08 16:00:00.000 UTC","Milady","0.662304634068576","0.17365253793825214",""
"","","","","","","2023-05-08 15:00:00.000 UTC","Azuki","0.8373359354142802","0.3929594394148638",""
"","","","","","","2023-05-08 15:00:00.000 UTC","Milady","0.6549173997706622","0.17365253793825214",""
"","","","","","","2023-05-08 14:00:00.000 UTC","Azuki","0.8367682797855523","0.3929594394148638",""
"","","","","","","2023-05-08 14:00:00.000 UTC","Milady","0.6544229292565745","0.17365253793825214",""
"","","","","","","2023-05-08 13:00:00.000 UTC","Azuki","0.8363793869284157","0.3929594394148638",""
"","","","","","","2023-05-08 13:00:00.000 UTC","Milady","0.6513966808496437","0.15952380952380946",""
"","","","","","","2023-05-08 12:00:00.000 UTC","Azuki","0.8363027742716602","0.3929594394148638",""
"","","","","","","2023-05-08 12:00:00.000 UTC","Milady","0.6477665900573426","0.15952380952380946",""
"","","","","","","2023-05-08 11:00:00.000 UTC","Azuki","0.8386566813652421","0.3929594394148638",""
"","","","","","","2023-05-08 11:00:00.000 UTC","Milady","0.6449638411428043","0.15952380952380946",""
"","","","","","","2023-05-08 10:00:00.000 UTC","Azuki","0.8403913479310111","0.3929594394148638",""
"","","","","","","2023-05-08 10:00:00.000 UTC","Milady","0.6387995131551675","0.15952380952380946",""
"","","","","","","2023-05-08 09:00:00.000 UTC","Azuki","0.8406737576859763","0.38712853562477634",""
"","","","","","","2023-05-08 09:00:00.000 UTC","Milady","0.6373342852968341","0.15952380952380946",""
"","","","","","","2023-05-08 08:00:00.000 UTC","Milady","0.6330891822104805","0.15952380952380946",""
"","","","","","","2023-05-08 07:00:00.000 UTC","Azuki","0.8410269299119884","0.32250268528464027",""
"","","","","","","2023-05-08 07:00:00.000 UTC","Milady","0.6314295442328577","0.15952380952380946",""
"","","","","","","2023-05-08 06:00:00.000 UTC","Azuki","0.8416229201258238","0.2918904403866811",""
"","","","","","","2023-05-08 06:00:00.000 UTC","Milady","0.6243289257979607","0.1241496598639455",""
"","","","","","","2023-05-08 05:00:00.000 UTC","Azuki","0.8404580533617","0.2918904403866811",""
"","","","","","","2023-05-08 05:00:00.000 UTC","Milady","0.6243595697144743","0.1241496598639455",""
"","","","","","","2023-05-08 04:00:00.000 UTC","Milady","0.6292985469554347","0.1241496598639455",""
"","","","","","","2023-05-08 03:00:00.000 UTC","Azuki","0.8405649387469899","0.2918904403866811",""
"","","","","","","2023-05-08 03:00:00.000 UTC","Milady","0.6288884876100916","0.1241496598639455",""
"","","","","","","2023-05-08 02:00:00.000 UTC","Azuki","0.8412283251468041","0.2918904403866811",""
"","","","","","","2023-05-08 02:00:00.000 UTC","Milady","0.6243898957125156","0.1241496598639455",""
"","","","","","","2023-05-08 02:00:00.000 UTC","Wrapped Cryptopunks","0.8361230671229491","0.771969696969697",""
"","","","","","","2023-05-08 01:00:00.000 UTC","Milady","0.6226296693718046","0.1241496598639455",""
"","","","","","","2023-05-08 01:00:00.000 UTC","Azuki","0.8375308544341985","0.2918904403866811",""
"","","","","","","2023-05-08 00:00:00.000 UTC","Milady","0.622321045518231","0.1241496598639455",""
"","","","","","","2023-05-08 00:00:00.000 UTC","Azuki","0.8346134209523414","0.2918904403866811",""
"","","","","","","2023-05-07 23:00:00.000 UTC","Milady","0.6248360404988116","0.13872691933916417",""
"","","","","","","2023-05-07 22:00:00.000 UTC","Azuki","0.834423032742714","0.2918904403866811",""
"","","","","","","2023-05-07 22:00:00.000 UTC","Milady","0.6203171012299702","0.13872691933916417",""
"","","","","","","2023-05-07 21:00:00.000 UTC","Azuki","0.8376080913987877","0.2918904403866811",""
"","","","","","","2023-05-07 21:00:00.000 UTC","Milady","0.6220225312777862","0.13872691933916417",""
"","","","","","","2023-05-07 20:00:00.000 UTC","Azuki","0.8422990924572608","0.2918904403866811",""
"","","","","","","2023-05-07 20:00:00.000 UTC","Milady","0.6247426754489523","0.13872691933916417",""
"","","","","","","2023-05-07 19:00:00.000 UTC","Azuki","0.8404651002034166","0.2918904403866811",""
"","","","","","","2023-05-07 19:00:00.000 UTC","Milady","0.6250049110723693","0.13872691933916417",""
"","","","","","","2023-05-07 18:00:00.000 UTC","Azuki","0.836828721890827","0.2918904403866811",""
"","","","","","","2023-05-07 18:00:00.000 UTC","Milady","0.6286295278469138","0.13872691933916417",""
"","","","","","","2023-05-07 17:00:00.000 UTC","Milady","0.6257855566264209","0.07069970845481041",""
"","","","","","","2023-05-07 16:00:00.000 UTC","Milady","0.6247701109749502","0.07069970845481041",""
"","","","","","","2023-05-07 15:00:00.000 UTC","Milady","0.6261775116918669","0.1432620667314544",""
"","","","","","","2023-05-07 14:00:00.000 UTC","Azuki","0.8361321686376799","0.2918904403866811",""
"","","","","","","2023-05-07 14:00:00.000 UTC","Milady","0.6259037371425548","0.1432620667314544",""
"","","","","","","2023-05-07 13:00:00.000 UTC","Azuki","0.8371990354705479","0.3181295074420747",""
"","","","","","","2023-05-07 13:00:00.000 UTC","Milady","0.6277472632332927","0.14836410754778093",""
"","","","","","","2023-05-07 12:00:00.000 UTC","Azuki","0.8377471236122116","0.33519598315516697",""
"","","","","","","2023-05-07 12:00:00.000 UTC","Milady","0.6269436450442251","0.17103984450923215",""
"","","","","","","2023-05-07 11:00:00.000 UTC","Azuki","0.8459387065815895","0.33519598315516697",""
"","","","","","","2023-05-07 11:00:00.000 UTC","Milady","0.6346573642105131","0.20505344995140903",""
"","","","","","","2023-05-07 11:00:00.000 UTC","Wrapped Cryptopunks","0.8402024669142234","0.7899224806201551",""
"","","","","","","2023-05-07 10:00:00.000 UTC","Milady","0.6321959154422777","0.20505344995140903",""
"","","","","","","2023-05-07 10:00:00.000 UTC","Azuki","0.8446302379798146","0.15152251376741185",""
"","","","","","","2023-05-07 09:00:00.000 UTC","Milady","0.6357015572327447","0.22546161321671515",""
"","","","","","","2023-05-07 09:00:00.000 UTC","Azuki","0.8443564902758908","0.15152251376741185",""
"","","","","","","2023-05-07 07:00:00.000 UTC","Milady","0.6412666941870229","0.22546161321671515",""
"","","","","","","2023-05-07 07:00:00.000 UTC","Azuki","0.8468825490865118","0.15152251376741185",""
"","","","","","","2023-05-07 06:00:00.000 UTC","Milady","0.6464595011204258","0.22546161321671515",""
"","","","","","","2023-05-07 06:00:00.000 UTC","Azuki","0.8480666658183234","0.13111435050210574",""
"","","","","","","2023-05-07 05:00:00.000 UTC","Milady","0.6512345410843681","0.22546161321671515",""
"","","","","","","2023-05-07 05:00:00.000 UTC","Azuki","0.8486939101564976","0.10050210560414655",""
"","","","","","","2023-05-07 04:00:00.000 UTC","Milady","0.6575996698022294","0.22546161321671515",""
"","","","","","","2023-05-07 04:00:00.000 UTC","Azuki","0.8506599456392645","0.10050210560414655",""
"","","","","","","2023-05-07 04:00:00.000 UTC","Wrapped Cryptopunks","0.8385159970323144","0.8087301587301587",""
"","","","","","","2023-05-07 03:00:00.000 UTC","Azuki","0.8510747086534836","0.10050210560414655",""
"","","","","","","2023-05-07 03:00:00.000 UTC","Wrapped Cryptopunks","0.8387022568232667","0.8284552845528456",""
"","","","","","","2023-05-07 03:00:00.000 UTC","Milady","0.6523808531059871","0.22546161321671515",""
"","","","","","","2023-05-07 02:00:00.000 UTC","Azuki","0.854121029755097","0.10050210560414655",""
"","","","","","","2023-05-07 02:00:00.000 UTC","Milady","0.6562602133625531","0.23226433430515053",""
"","","","","","","2023-05-07 01:00:00.000 UTC","Azuki","0.8543363822825286","0.1413184321347588",""
"","","","","","","2023-05-07 01:00:00.000 UTC","Milady","0.656310067224339","0.2552235179786199",""
"","","","","","","2023-05-07 00:00:00.000 UTC","Azuki","0.8563873428646205","0.1413184321347588",""
"","","","","","","2023-05-07 00:00:00.000 UTC","Milady","0.6581333407976563","0.227162293488824",""
"","","","","","","2023-05-07 00:00:00.000 UTC","Wrapped Cryptopunks","0.8447908927185683","0.8491666666666667",""
"","","","","","","2023-05-06 23:00:00.000 UTC","Milady","0.65662288275949","0.303692905733722",""
"","","","","","","2023-05-06 23:00:00.000 UTC","Azuki","0.8561584867247283","0.1413184321347588",""
"","","","","","","2023-05-06 22:00:00.000 UTC","Milady","0.6557775536954683","0.303692905733722",""
"","","","","","","2023-05-06 22:00:00.000 UTC","Azuki","0.858405348863935","0.1413184321347588",""
"","","","","","","2023-05-06 21:00:00.000 UTC","Milady","0.6547709566802852","0.303692905733722",""
"","","","","","","2023-05-06 21:00:00.000 UTC","Azuki","0.8587186449662431","0.1413184321347588",""
"","","","","","","2023-05-06 20:00:00.000 UTC","Milady","0.6534221198215912","0.30539358600583083",""
"","","","","","","2023-05-06 19:00:00.000 UTC","Azuki","0.8567166903172216","0.1642776158082282",""
"","","","","","","2023-05-06 19:00:00.000 UTC","Milady","0.6558013035337614","0.30539358600583083",""
"","","","","","","2023-05-06 18:00:00.000 UTC","Azuki","0.8574207538566933","0.1642776158082282",""
"","","","","","","2023-05-06 18:00:00.000 UTC","Milady","0.6567085400515046","0.30539358600583083",""
"","","","","","","2023-05-06 17:00:00.000 UTC","Azuki","0.8552516928797596","0.1642776158082282",""
"","","","","","","2023-05-06 17:00:00.000 UTC","Milady","0.6574733991755164","0.30539358600583083",""
"","","","","","","2023-05-06 17:00:00.000 UTC","Wrapped Cryptopunks","0.8536874939154109","0.870940170940171",""
"","","","","","","2023-05-06 16:00:00.000 UTC","Milady","0.6591479163643702","0.37760708679076016",""
"","","","","","","2023-05-06 16:00:00.000 UTC","Azuki","0.8551255591323272","0.1642776158082282",""
"","","","","","","2023-05-06 15:00:00.000 UTC","Milady","0.6606048514128684","0.37760708679076016",""
"","","","","","","2023-05-06 15:00:00.000 UTC","Azuki","0.8539394947575762","0.1642776158082282",""
"","","","","","","2023-05-06 14:00:00.000 UTC","Milady","0.6570962541992315","0.37760708679076016",""
"","","","","","","2023-05-06 14:00:00.000 UTC","Azuki","0.8561396363084314","0.13876741172659554",""
"","","","","","","2023-05-06 13:00:00.000 UTC","Milady","0.6643594935434204","0.37760708679076016",""
"","","","","","","2023-05-06 13:00:00.000 UTC","Azuki","0.85724074239569","0.13876741172659554",""
"","","","","","","2023-05-06 13:00:00.000 UTC","Wrapped Cryptopunks","0.8601395164316619","0.893859649122807",""
"","","","","","","2023-05-06 12:00:00.000 UTC","Azuki","0.8559611371423234","0.13876741172659554",""
"","","","","","","2023-05-06 12:00:00.000 UTC","Milady","0.6640666085991965","0.37760708679076016",""
"","","","","","","2023-05-06 11:00:00.000 UTC","Azuki","0.8549107672492752","0.13876741172659554",""
"","","","","","","2023-05-06 11:00:00.000 UTC","Milady","0.6644109779372452","0.3943046749169197",""
"","","","","","","2023-05-06 10:00:00.000 UTC","Milady","0.6704062910321549","0.423459193867357",""
"","","","","","","2023-05-06 09:00:00.000 UTC","Milady","0.6730229887464737","0.423459193867357",""
"","","","","","","2023-05-06 08:00:00.000 UTC","Azuki","0.8541690037110976","0.13876741172659554",""
"","","","","","","2023-05-06 08:00:00.000 UTC","Milady","0.6810276706622498","0.423459193867357",""
"","","","","","","2023-05-06 07:00:00.000 UTC","Milady","0.6820364384034601","0.423459193867357",""
"","","","","","","2023-05-06 06:00:00.000 UTC","Milady","0.6800186921848361","0.423459193867357",""
"","","","","","","2023-05-06 05:00:00.000 UTC","Azuki","0.8543606609077272","0.13876741172659554",""
"","","","","","","2023-05-06 05:00:00.000 UTC","Milady","0.680154026084899","0.423459193867357",""
"","","","","","","2023-05-06 04:00:00.000 UTC","Azuki","0.8538129926507166","0.13876741172659554",""
"","","","","","","2023-05-06 04:00:00.000 UTC","Milady","0.6865329973002061","0.423459193867357",""
"","","","","","","2023-05-06 03:00:00.000 UTC","Azuki","0.8525309351973802","0.13876741172659554",""
"","","","","","","2023-05-06 03:00:00.000 UTC","Milady","0.6892066918647664","0.423459193867357",""
"","","","","","","2023-05-06 02:00:00.000 UTC","Azuki","0.8529747998287002","0.13876741172659554",""
"","","","","","","2023-05-06 02:00:00.000 UTC","Milady","0.6906548891711882","0.423459193867357",""
"","","","","","","2023-05-06 02:00:00.000 UTC","Wrapped Cryptopunks","0.864196519709902","0.9180180180180181",""
"","","","","","","2023-05-06 01:00:00.000 UTC","Milady","0.6974155269185429","0.4914864047517107",""
"","","","","","","2023-05-06 01:00:00.000 UTC","Azuki","0.8539081517211174","0.13876741172659554",""
"","","","","","","2023-05-06 00:00:00.000 UTC","Milady","0.7052156850529911","0.5144455884251801",""
"","","","","","","2023-05-06 00:00:00.000 UTC","Azuki","0.8527979865131491","0.13876741172659554",""
"","","","","","","2023-05-05 23:00:00.000 UTC","Milady","0.7122680496207934","0.5144455884251801",""
"","","","","","","2023-05-05 23:00:00.000 UTC","Azuki","0.8511363522326937","0.13876741172659554",""
"","","","","","","2023-05-05 22:00:00.000 UTC","Milady","0.7198369900556311","0.5233187028883567",""
"","","","","","","2023-05-05 21:00:00.000 UTC","Milady","0.7247089895818737","0.5291496066784441",""
"","","","","","","2023-05-05 20:00:00.000 UTC","Azuki","0.8531980165240293","0.15407353417557515",""
"","","","","","","2023-05-05 20:00:00.000 UTC","Milady","0.7310081100174954","0.5291496066784441",""
"","","","","","","2023-05-05 19:00:00.000 UTC","Azuki","0.8521537819339566","0.18876741172659556",""
"","","","","","","2023-05-05 19:00:00.000 UTC","Milady","0.7272240830254936","0.5291496066784441",""
"","","","","","","2023-05-05 18:00:00.000 UTC","Milady","0.7291677137440934","0.5291496066784441",""
"","","","","","","2023-05-05 17:00:00.000 UTC","Azuki","0.8529309750691753","0.18876741172659556",""
"","","","","","","2023-05-05 17:00:00.000 UTC","Milady","0.7315501262379717","0.5291496066784441",""
"","","","","","","2023-05-05 17:00:00.000 UTC","Wrapped Cryptopunks","0.8671339648099097","0.9435185185185185",""
"","","","","","","2023-05-05 16:00:00.000 UTC","Milady","0.7330121726027532","0.5291496066784441",""
"","","","","","","2023-05-05 16:00:00.000 UTC","Azuki","0.8530222819176255","0.24894532904737002",""
"","","","","","","2023-05-05 15:00:00.000 UTC","Milady","0.7359178201289704","0.5291496066784441",""
"","","","","","","2023-05-05 15:00:00.000 UTC","Azuki","0.8518441831078696","0.2327388464543328",""
"","","","","","","2023-05-05 14:00:00.000 UTC","Milady","0.7371713551761276","0.5291496066784441",""
"","","","","","","2023-05-05 14:00:00.000 UTC","Azuki","0.8518907801750962","0.2327388464543328",""
"","","","","","","2023-05-05 13:00:00.000 UTC","Milady","0.7359880463837437","0.4565872484018001",""
"","","","","","","2023-05-05 13:00:00.000 UTC","Azuki","0.8485791692832126","0.2327388464543328",""
"","","","","","","2023-05-05 13:00:00.000 UTC","Wrapped Cryptopunks","0.8719998829519309","0.9704761904761905",""
"","","","","","","2023-05-05 12:00:00.000 UTC","Azuki","0.8488196930030162","0.2327388464543328",""
"","","","","","","2023-05-05 12:00:00.000 UTC","Milady","0.7400535638700717","0.4693423504426164",""
"","","","","","","2023-05-05 11:00:00.000 UTC","Azuki","0.8531620001648658","0.25314700971963894",""
"","","","","","","2023-05-05 11:00:00.000 UTC","Milady","0.7402765438538004","0.5436053889913692",""
"","","","","","","2023-05-05 11:00:00.000 UTC","Wrapped Cryptopunks","0.8739485878319196","0.9990196078431373",""
"","","","","","","2023-05-05 10:00:00.000 UTC","Milady","0.7422180076898521","0.5617459785605302",""
"","","","","","","2023-05-05 10:00:00.000 UTC","Azuki","0.8548125286241662","0.25314700971963894",""
"","","","","","","2023-05-05 09:00:00.000 UTC","Azuki","0.8505045762254181","0.25314700971963894",""
"","","","","","","2023-05-05 08:00:00.000 UTC","Milady","0.739754776788078","0.553242577199986",""
"","","","","","","2023-05-05 08:00:00.000 UTC","Azuki","0.849819216223433","0.2761061933931083",""
"","","","","","","2023-05-05 07:00:00.000 UTC","Azuki","0.8522876058103733","0.2761061933931083",""
"","","","","","","2023-05-05 06:00:00.000 UTC","Milady","0.7430375409481543","0.553242577199986",""
"","","","","","","2023-05-05 06:00:00.000 UTC","Azuki","0.8533048881374676","0.2775639193406302",""
"","","","","","","2023-05-05 05:00:00.000 UTC","Milady","0.7413015270124922","0.5619889328851172",""
"","","","","","","2023-05-05 05:00:00.000 UTC","Azuki","0.8502944368994795","0.2775639193406302",""
"","","","","","","2023-05-05 04:00:00.000 UTC","Milady","0.7415907855992924","0.5803562798238927",""
"","","","","","","2023-05-05 04:00:00.000 UTC","Azuki","0.8475115757531999","0.2775639193406302",""
"","","","","","","2023-05-05 03:00:00.000 UTC","Milady","0.7415389183834659","0.6007644430891987",""
"","","","","","","2023-05-05 03:00:00.000 UTC","Azuki","0.8455449104829516","0.25132485228523654",""
"","","","","","","2023-05-05 02:00:00.000 UTC","Milady","0.7391872354157708","0.6211726063545049",""
"","","","","","","2023-05-05 02:00:00.000 UTC","Azuki","0.8441056839490452","0.23318426271607556",""
"","","","","","","2023-05-05 01:00:00.000 UTC","Milady","0.7366899905649644","0.6211726063545049",""
"","","","","","","2023-05-05 01:00:00.000 UTC","Azuki","0.8421126231609275","0.25903460285213",""
"","","","","","","2023-05-05 01:00:00.000 UTC","Wrapped Cryptopunks","0.8845408968438492","1.0292929292929294",""
"","","","","","","2023-05-05 00:00:00.000 UTC","Azuki","0.8412746218025281","0.2760414055732184",""
"","","","","","","2023-05-05 00:00:00.000 UTC","Wrapped Cryptopunks","0.8829218815093439","1.0614583333333334",""
"","","","","","","2023-05-05 00:00:00.000 UTC","Milady","0.7463564665683434","0.6721930145177702",""
"","","","","","","2023-05-04 23:00:00.000 UTC","Azuki","0.8406708409741932","0.2760414055732184",""
"","","","","","","2023-05-04 23:00:00.000 UTC","Milady","0.7493015200691873","0.706206619959947",""
"","","","","","","2023-05-04 22:00:00.000 UTC","Azuki","0.8413981099305561","0.2760414055732184",""
"","","","","","","2023-05-04 22:00:00.000 UTC","Milady","0.7520308969529675","0.6832474362864777",""
"","","","","","","2023-05-04 22:00:00.000 UTC","Wrapped Cryptopunks","0.8826299341466702","1.0956989247311828",""
"","","","","","","2023-05-04 21:00:00.000 UTC","Milady","0.7554409541900702","0.6806964158783144",""
"","","","","","","2023-05-04 21:00:00.000 UTC","Wrapped Cryptopunks","0.8787569222517296","0.798888888888889",""
"","","","","","","2023-05-04 21:00:00.000 UTC","Azuki","0.8407715276128698","0.2945942812689512",""
"","","","","","","2023-05-04 20:00:00.000 UTC","Azuki","0.8392211075338337","0.31500244453425735",""
"","","","","","","2023-05-04 19:00:00.000 UTC","Milady","0.758467603008136","0.6571485351875765",""
"","","","","","","2023-05-04 18:00:00.000 UTC","Azuki","0.8362792057895714","0.3483976207865765",""
"","","","","","","2023-05-04 18:00:00.000 UTC","Milady","0.7617531789893395","0.7251757460719304",""
"","","","","","","2023-05-04 18:00:00.000 UTC","Wrapped Cryptopunks","0.881944469030839","0.8264367816091954",""
"","","","","","","2023-05-04 17:00:00.000 UTC","Milady","0.7666270058416566","0.7251757460719304",""
"","","","","","","2023-05-04 17:00:00.000 UTC","Azuki","0.8355291313177657","0.3483976207865765",""
"","","","","","","2023-05-04 16:00:00.000 UTC","Milady","0.7683550327322985","0.7642913923304337",""
"","","","","","","2023-05-04 16:00:00.000 UTC","Azuki","0.8340114207113266","0.3773091854124268",""
"","","","","","","2023-05-04 15:00:00.000 UTC","Milady","0.7691421753259471","0.7869671292918851",""
"","","","","","","2023-05-04 15:00:00.000 UTC","Azuki","0.8337480066213917","0.3569010221471207",""
"","","","","","","2023-05-04 14:00:00.000 UTC","Milady","0.7712064328196319","0.7869671292918851",""
"","","","","","","2023-05-04 14:00:00.000 UTC","Azuki","0.8311480691357217","0.3569010221471207",""
"","","","","","","2023-05-04 13:00:00.000 UTC","Milady","0.7755475277430779","0.7997222313327014",""
"","","","","","","2023-05-04 13:00:00.000 UTC","Azuki","0.83079450127277","0.3569010221471207",""
"","","","","","","2023-05-04 12:00:00.000 UTC","Milady","0.7763593272484756","0.727508730547772",""
"","","","","","","2023-05-04 12:00:00.000 UTC","Azuki","0.829690476921228","0.3569010221471207",""
"","","","","","","2023-05-04 11:00:00.000 UTC","Milady","0.7766202668650253","0.727508730547772",""
"","","","","","","2023-05-04 11:00:00.000 UTC","Azuki","0.8293792221778971","0.4045200697661683",""
"","","","","","","2023-05-04 10:00:00.000 UTC","Azuki","0.8293558027560827","0.38360170241922953",""
"","","","","","","2023-05-04 09:00:00.000 UTC","Azuki","0.8298201048146544","0.400608505140318",""
"","","","","","","2023-05-04 08:00:00.000 UTC","Wrapped Cryptopunks","0.878735116542197","0.855952380952381",""
"","","","","","","2023-05-04 08:00:00.000 UTC","Azuki","0.8314239165260494","0.4268475721957115",""
"","","","","","","2023-05-04 07:00:00.000 UTC","Milady","0.7822130888755862","0.727508730547772",""
"","","","","","","2023-05-04 07:00:00.000 UTC","Azuki","0.8297758835399189","0.5193645789984326",""
"","","","","","","2023-05-04 06:00:00.000 UTC","Milady","0.7831436654825783","0.7547196149015135",""
"","","","","","","2023-05-04 06:00:00.000 UTC","Azuki","0.830324208487368","0.5577799451448912",""
"","","","","","","2023-05-04 04:00:00.000 UTC","Milady","0.7850770112359035","0.7612502271464114",""
"","","","","","","2023-05-04 04:00:00.000 UTC","Wrapped Cryptopunks","0.8767187419050501","0.8876543209876544",""
"","","","","","","2023-05-04 03:00:00.000 UTC","Milady","0.7897991399026766","0.7538290768681183",""
"","","","","","","2023-05-04 03:00:00.000 UTC","Wrapped Cryptopunks","0.8743010262127674","0.9217948717948719",""
"","","","","","","2023-05-04 02:00:00.000 UTC","Milady","0.7888579556952364","0.78793986404013",""
"","","","","","","2023-05-04 02:00:00.000 UTC","Azuki","0.8300394244022817","0.600997232059657",""
"","","","","","","2023-05-04 01:00:00.000 UTC","Milady","0.7880204263875196","0.806924201961345",""
"","","","","","","2023-05-04 00:00:00.000 UTC","Wrapped Cryptopunks","0.8735648911606492","0.9586666666666668",""
"","","","","","","2023-05-04 00:00:00.000 UTC","Milady","0.7896536627321377","0.8421106903498038",""
"","","","","","","2023-05-03 23:00:00.000 UTC","Wrapped Cryptopunks","0.8791152225736708","0.9986111111111112",""
"","","","","","","2023-05-03 23:00:00.000 UTC","Azuki","0.8290352690630437","0.6310992728759837",""
"","","","","","","2023-05-03 22:00:00.000 UTC","Wrapped Cryptopunks","0.8935153316650267","1.0420289855072464",""
"","","","","","","2023-05-03 22:00:00.000 UTC","Azuki","0.828590361208896","0.6515074361412898",""
"","","","","","","2023-05-03 22:00:00.000 UTC","Milady","0.7912538548299368","0.8770193906720379",""
"","","","","","","2023-05-03 20:00:00.000 UTC","Azuki","0.8283548500219435","0.6650805077275667",""
"","","","","","","2023-05-03 20:00:00.000 UTC","Milady","0.7960372428624232","0.9057419908232095",""
"","","","","","","2023-05-03 19:00:00.000 UTC","Azuki","0.8270948688628988","0.6792311568281532",""
"","","","","","","2023-05-03 19:00:00.000 UTC","Milady","0.7986564035318783","0.9098236234762708",""
"","","","","","","2023-05-03 18:00:00.000 UTC","Azuki","0.8279923397694671","0.6939970515418087",""
"","","","","","","2023-05-03 18:00:00.000 UTC","Milady","0.8004991843736751","0.924279405789196",""
"","","","","","","2023-05-03 17:00:00.000 UTC","Azuki","0.8267148245410858","0.7094192082427377",""
"","","","","","","2023-05-03 17:00:00.000 UTC","Milady","0.7998536938027795","0.9435352267431375",""
"","","","","","","2023-05-03 17:00:00.000 UTC","Wrapped Cryptopunks","0.8925672250533726","1.0893939393939396",""
"","","","","","","2023-05-03 16:00:00.000 UTC","Milady","0.7993838725137045","0.963610444333417",""
"","","","","","","2023-05-03 16:00:00.000 UTC","Azuki","0.8259597816277485","0.7255423720664363",""
"","","","","","","2023-05-03 15:00:00.000 UTC","Milady","0.796174937153335","0.912094729355158",""
"","","","","","","2023-05-03 15:00:00.000 UTC","Azuki","0.8248538645777844","0.742415450486586",""
"","","","","","","2023-05-03 14:00:00.000 UTC","Milady","0.7944926279761755","0.9073635011186059",""
"","","","","","","2023-05-03 14:00:00.000 UTC","Azuki","0.8230318669835096","0.7600920088315047",""
"","","","","","","2023-05-03 13:00:00.000 UTC","Milady","0.7925679036768286","0.9279853988713015",""
"","","","","","","2023-05-03 12:00:00.000 UTC","Wrapped Cryptopunks","0.8905374517125938","1.1412698412698414",""
"","","","","","","2023-05-03 12:00:00.000 UTC","Milady","0.7900915156219455","0.9394552312009679",""
"","","","","","","2023-05-03 11:00:00.000 UTC","Azuki","0.82322008441758","0.7786308383152",""
"","","","","","","2023-05-03 11:00:00.000 UTC","Milady","0.7876342759630772","0.9380136890867051",""
"","","","","","","2023-05-03 10:00:00.000 UTC","Azuki","0.823962818844697","0.7980966092730799",""
"","","","","","","2023-05-03 10:00:00.000 UTC","Milady","0.7868829433765893","0.9608920717473565",""
"","","","","","","2023-05-03 09:00:00.000 UTC","Azuki","0.8218491274908499","0.7993298556646974",""
"","","","","","","2023-05-03 09:00:00.000 UTC","Milady","0.7951179147294726","0.9849143735410404",""
"","","","","","","2023-05-03 08:00:00.000 UTC","Azuki","0.8209506088933791","0.7756280097611368",""
"","","","","","","2023-05-03 08:00:00.000 UTC","Milady","0.7959501368276581","1.0101685882472209",""
"","","","","","","2023-05-03 07:00:00.000 UTC","Azuki","0.8189033057428785","0.7965909289438702",""
"","","","","","","2023-05-03 07:00:00.000 UTC","Milady","0.7974878937138136","1.0367519721484637",""
"","","","","","","2023-05-03 06:00:00.000 UTC","Azuki","0.817257488443043","0.7368096228390347",""
"","","","","","","2023-05-03 06:00:00.000 UTC","Milady","0.7960763550121994","1.0647722957200436",""
"","","","","","","2023-05-03 06:00:00.000 UTC","Wrapped Cryptopunks","0.8890107690913526","1.1983333333333335",""
"","","","","","","2023-05-03 05:00:00.000 UTC","Milady","0.795102089117544","1.0943493039344894",""
"","","","","","","2023-05-03 05:00:00.000 UTC","Azuki","0.81787319009684","0.7376932591218306",""
"","","","","","","2023-05-03 04:00:00.000 UTC","Milady","0.7983890195549159","1.1256164269040463",""
"","","","","","","2023-05-03 04:00:00.000 UTC","Azuki","0.8166774921012387","0.7593901196842374",""
"","","","","","","2023-05-03 03:00:00.000 UTC","Milady","0.800061772042184","1.158722792401224",""
"","","","","","","2023-05-03 03:00:00.000 UTC","Azuki","0.819941095964006","0.7824019414928507",""
"","","","","","","2023-05-03 03:00:00.000 UTC","Wrapped Cryptopunks","0.8875132708701544","1.26140350877193",""
"","","","","","","2023-05-03 02:00:00.000 UTC","Azuki","0.8181726972509402","0.8068520021645023",""
"","","","","","","2023-05-03 02:00:00.000 UTC","Milady","0.7994470303027885","1.1748962103527762",""
"","","","","","","2023-05-03 01:00:00.000 UTC","Azuki","0.8171084001276323","0.8006214215891636",""
"","","","","","","2023-05-03 01:00:00.000 UTC","Milady","0.7970291282839469","1.0900839391485229",""
"","","","","","","2023-05-03 01:00:00.000 UTC","Wrapped Cryptopunks","0.887049330500115","1.3314814814814815",""
"","","","","","","2023-05-03 00:00:00.000 UTC","Milady","0.7955477096255611","1.060731808153314",""
"","","","","","","2023-05-03 00:00:00.000 UTC","Azuki","0.817203561662547","0.8273088023088024",""
"","","","","","","2023-05-02 23:00:00.000 UTC","Milady","0.7975440589352072","1.0544228684250911",""
"","","","","","","2023-05-02 23:00:00.000 UTC","Azuki","0.8232952967314653","0.8558366920435887",""
"","","","","","","2023-05-02 22:00:00.000 UTC","Milady","0.7996490625220871","1.090782277681129",""
"","","","","","","2023-05-02 22:00:00.000 UTC","Azuki","0.8226694656367437","0.8462237167594312",""
"","","","","","","2023-05-02 22:00:00.000 UTC","Wrapped Cryptopunks","0.8825215181635686","1.4098039215686275",""
"","","","","","","2023-05-02 21:00:00.000 UTC","Azuki","0.8214986862152078","0.8775653358986694",""
"","","","","","","2023-05-02 21:00:00.000 UTC","Milady","0.8031088019309849","1.0787183794350468",""
"","","","","","","2023-05-02 20:00:00.000 UTC","Azuki","0.8231616225203576","0.9085705960705961",""
"","","","","","","2023-05-02 20:00:00.000 UTC","Milady","0.8052587150508287","1.0853375786733819",""
"","","","","","","2023-05-02 19:00:00.000 UTC","Azuki","0.8321559590552553","0.9449134199134199",""
"","","","","","","2023-05-02 19:00:00.000 UTC","Milady","0.8052307992890738","1.0886197932377426",""
"","","","","","","2023-05-02 18:00:00.000 UTC","Azuki","0.8360200622695934","0.9842848124098125",""
"","","","","","","2023-05-02 18:00:00.000 UTC","Milady","0.8086380420542476","1.0921645849672523",""
"","","","","","","2023-05-02 18:00:00.000 UTC","Wrapped Cryptopunks","0.8798104537121937","1.2166666666666668",""
"","","","","","","2023-05-02 17:00:00.000 UTC","Milady","0.812887366440175","1.1376714426742212",""
"","","","","","","2023-05-02 17:00:00.000 UTC","Wrapped Cryptopunks","0.8751655655722593","0.6977777777777778",""
"","","","","","","2023-05-02 17:00:00.000 UTC","Azuki","0.8364334320929957","1.0270798042537173",""
"","","","","","","2023-05-02 16:00:00.000 UTC","Wrapped Cryptopunks","0.8727266390363569","0.7476190476190476",""
"","","","","","","2023-05-02 16:00:00.000 UTC","Azuki","0.8354748065137397","1.0737652499016137",""
"","","","","","","2023-05-02 16:00:00.000 UTC","Milady","0.8114994062813874","1.0784397662687526",""
"","","","","","","2023-05-02 15:00:00.000 UTC","Azuki","0.8362005698380635","1.0645794681508969",""
"","","","","","","2023-05-02 15:00:00.000 UTC","Milady","0.8092991996661513","1.036550664735514",""
"","","","","","","2023-05-02 15:00:00.000 UTC","Wrapped Cryptopunks","0.8702085899327288","0.8051282051282052",""
"","","","","","","2023-05-02 14:00:00.000 UTC","Milady","0.8140604482353043","1.08591022019911",""
"","","","","","","2023-05-02 14:00:00.000 UTC","Wrapped Cryptopunks","0.8643741625416569","0.8722222222222222",""
"","","","","","","2023-05-02 14:00:00.000 UTC","Azuki","0.8363169995420211","1.076141774891775",""
"","","","","","","2023-05-02 13:00:00.000 UTC","Wrapped Cryptopunks","0.859490522868602","0.6060606060606061",""
"","","","","","","2023-05-02 13:00:00.000 UTC","Azuki","0.8349732049544627","1.1327808156755528",""
"","","","","","","2023-05-02 13:00:00.000 UTC","Milady","0.8154357345154685","1.1402057312090654",""
"","","","","","","2023-05-02 12:00:00.000 UTC","Azuki","0.8360706323299816","1.1957130832130833",""
"","","","","","","2023-05-02 12:00:00.000 UTC","Milady","0.8168802916571437","0.9977874093698664",""
"","","","","","","2023-05-02 12:00:00.000 UTC","Wrapped Cryptopunks","0.8563575379489967","0.6666666666666667",""
"","","","","","","2023-05-02 11:00:00.000 UTC","Milady","0.8189449626896068","0.8680348580385628",""
"","","","","","","2023-05-02 11:00:00.000 UTC","Azuki","0.8341997663170543","1.212573211102623",""
"","","","","","","2023-05-02 10:00:00.000 UTC","Milady","0.8173776361667946","0.9190957320408312",""
"","","","","","","2023-05-02 10:00:00.000 UTC","Azuki","0.8344241621884835","1.225859036796537",""
"","","","","","","2023-05-02 09:00:00.000 UTC","Milady","0.8194106547888076","0.8515392152933832",""
"","","","","","","2023-05-02 09:00:00.000 UTC","Azuki","0.8378036626448311","1.1984920634920637",""
"","","","","","","2023-05-02 08:00:00.000 UTC","Milady","0.8177803026250918","0.834234422238868",""
"","","","","","","2023-05-02 08:00:00.000 UTC","Azuki","0.8387397570113307","1.2840986394557825",""
"","","","","","","2023-05-02 07:00:00.000 UTC","Milady","0.8189404869376756","0.89382259525593",""
"","","","","","","2023-05-02 07:00:00.000 UTC","Azuki","0.8399846410849623","1.273901098901099",""
"","","","","","","2023-05-02 07:00:00.000 UTC","Wrapped Cryptopunks","0.848919534849263","0.3703703703703704",""
"","","","","","","2023-05-02 06:00:00.000 UTC","Milady","0.8142116250969961","0.9145012564294631",""
"","","","","","","2023-05-02 05:00:00.000 UTC","Azuki","0.8370679723226048","1.2967261904761906",""
"","","","","","","2023-05-02 05:00:00.000 UTC","Milady","0.8087378772116112","0.9907096944652517",""
"","","","","","","2023-05-02 04:00:00.000 UTC","Azuki","0.8467517159110568","1.4146103896103897",""
"","","","","","","2023-05-02 04:00:00.000 UTC","Milady","0.8045919892322562","1.080774212143911",""
"","","","","","","2023-05-02 03:00:00.000 UTC","Azuki","0.8460844343686039","1.5560714285714288",""
"","","","","","","2023-05-02 03:00:00.000 UTC","Milady","0.8123363444054817","1.188851633358302",""
"","","","","","","2023-05-02 03:00:00.000 UTC","Wrapped Cryptopunks","0.8409854023852862","0.4166666666666667",""
"","","","","","","2023-05-02 02:00:00.000 UTC","Milady","0.8006111552202984","1.172798111138854",""
"","","","","","","2023-05-02 02:00:00.000 UTC","Wrapped Cryptopunks","0.8323894253391239","0.4761904761904762",""
"","","","","","","2023-05-02 02:00:00.000 UTC","Azuki","0.8459139200962137","1.728968253968254",""
"","","","","","","2023-05-02 01:00:00.000 UTC","Milady","0.7946697818118991","1.2793978750312107",""
"","","","","","","2023-05-02 01:00:00.000 UTC","Azuki","0.8379099891119299","1.6534226190476191",""
"","","","","","","2023-05-02 00:00:00.000 UTC","Milady","0.7816293811623405","1.3972339351006045",""
"","","","","","","2023-05-02 00:00:00.000 UTC","Azuki","0.8435863948722176","1.875340136054422",""
"","","","","","","2023-05-01 23:00:00.000 UTC","Milady","0.7849711843009722","1.113439590950705",""
"","","","","","","2023-05-01 23:00:00.000 UTC","Azuki","0.8341684411504752","2.0490079365079366",""
"","","","","","","2023-05-01 23:00:00.000 UTC","Wrapped Cryptopunks","0.8209856171676059","0.5555555555555556",""
"","","","","","","2023-05-01 22:00:00.000 UTC","Azuki","0.8238853784525757","2.2016666666666667",""
"","","","","","","2023-05-01 22:00:00.000 UTC","Wrapped Cryptopunks","0.806474661703876","0.6666666666666667",""
"","","","","","","2023-05-01 22:00:00.000 UTC","Milady","0.7907780449134323","1.1500809975129394",""
"","","","","","","2023-05-01 21:00:00.000 UTC","Wrapped Cryptopunks","0.7771415927497397","0.8333333333333334",""
"","","","","","","2023-05-01 21:00:00.000 UTC","Milady","0.7727228722667784","1.0065667641325535",""
"","","","","","","2023-05-01 21:00:00.000 UTC","Azuki","0.8265371768082017","1.61875",""
"","","","","","","2023-05-01 20:00:00.000 UTC","Milady","0.7713564592874196","0.7719135802469136",""
"","","","","","","2023-05-01 20:00:00.000 UTC","Azuki","0.810752901465288","1.5308823529411766",""
"","","","","","","2023-05-01 20:00:00.000 UTC","Wrapped Cryptopunks","0.7955371323251613","1.1111111111111112",""
"","","","","","","2023-05-01 19:00:00.000 UTC","Azuki","0.7881375429819248","1.2375",""
"","","","","","","2023-05-01 19:00:00.000 UTC","Wrapped Cryptopunks","0.8119497662843521","0",""
"","","","","","","2023-05-01 19:00:00.000 UTC","Milady","0.7810136648166975","0.4541666666666667",""
"","","","","","","2023-05-01 18:00:00.000 UTC","Wrapped Cryptopunks","0.814898305511741","0",""
"","","","","","","2023-05-01 18:00:00.000 UTC","Milady","0.8109003604929131","0.7083333333333334",""
"","","","","","","2023-05-01 18:00:00.000 UTC","Azuki","0.8056945581077676","1",""
